"","old","new"
"1","Acer campestre","Acer campestre"
"2","Achillea maritima","Achillea maritima"
"3","Achillea millefolium","Achillea millefolium"
"4","Achillea ptarmica","Achillea ptarmica"
"5","Anthemis arvensis","Anthemis arvensis"
"6","Anthemis cotula","Anthemis cotula"
"7","Matricaria chamomilla","Matricaria chamomilla"
"8","Tanacetum parthenium","Tanacetum parthenium"
"9","Tanacetum vulgare","Tanacetum vulgare"
"10","Glebionis segetum","Glebionis segetum"
"11","Chamaemelum nobile","Chamaemelum nobile"
"12","Leucanthemum vulgare","Leucanthemum vulgare"
"13","Artemisia absinthium","Artemisia absinthium"
"14","Artemisia norvegica","Artemisia norvegica"
"15","Artemisia vulgaris","Artemisia vulgaris"
"16","Artemisia maritima","Artemisia maritima"
"17","Artemisia campestris","Artemisia campestris"
"18","Tripleurospermum inodorum","Tripleurospermum inodorum"
"19","Tripleurospermum maritimum","Tripleurospermum maritimum"
"20","Erigeron acer","Erigeron acris"
"21","Erigeron borealis","Erigeron borealis"
"22","Solidago virgaurea","Solidago virgaurea"
"23","Antennaria dioica","Antennaria dioica"
"24","Bidens cernua","Bidens cernua"
"25","Bidens tripartita","Bidens tripartita"
"26","Eupatorium cannabinum","Eupatorium cannabinum"
"27","Inula conyzae","Inula conyzae"
"28","Inula helenium","Inula helenium"
"29","Limbarda crithmoides","Limbarda crithmoides"
"30","Petasites hybridus","Petasites hybridus"
"31","Tussilago farfara","Tussilago farfara"
"32","Arnoseris minima","Arnoseris minima"
"33","Cichorium intybus","Cichorium intybus"
"34","Lapsana communis","Lapsana communis"
"35","Scorzoneroides autumnalis","Scorzoneroides autumnalis"
"36","Leontodon hispidus","Leontodon hispidus"
"37","Leontodon saxatilis","Leontodon saxatilis"
"38","Helminthotheca echioides","Helminthotheca echioides"
"39","Picris hieracioides","Picris hieracioides"
"40","Sonchus arvensis","Sonchus arvensis"
"41","Sonchus asper","Sonchus asper"
"42","Sonchus oleraceus","Sonchus oleraceus"
"43","Sonchus palustris","Sonchus palustris"
"44","Tragopogon pratensis","Tragopogon pratensis"
"45","Scorzonera humilis","Scorzonera humilis"
"46","Arctium lappa","Arctium lappa"
"47","Arctium minus","Arctium minus"
"48","Centaurea calcitrapa","Centaurea calcitrapa"
"49","Centaurea nigra","Centaurea nigra"
"50","Centaurea scabiosa","Centaurea scabiosa"
"51","Cyanus segetum","Cyanus segetum"
"52","Serratula tinctoria","Serratula tinctoria"
"53","Carduus crispus","Carduus crispus"
"54","Carduus nutans","Carduus nutans"
"55","Carduus tenuiflorus","Carduus tenuiflorus"
"56","Cirsium acaule","Cirsium acaule"
"57","Cirsium arvense","Cirsium arvense"
"58","Cirsium vulgare","Cirsium vulgare"
"59","Cirsium palustre","Cirsium palustre"
"60","Cirsium tuberosum","Cirsium tuberosum"
"61","Cirsium dissectum","Cirsium dissectum"
"62","Cirsium heterophyllum","Cirsium heterophyllum"
"63","Cirsium eriophorum","Cirsium eriophorum"
"64","Silybum marianum","Silybum marianum"
"65","Onopordum acanthium","Onopordum acanthium"
"66","Carlina vulgaris","Carlina vulgaris"
"67","Galatella linosyris","Galatella linosyris"
"68","Tripolium pannonicum","Tripolium pannonicum"
"69","Bellis perennis","Bellis perennis"
"70","Filago gallica","Logfia gallica"
"71","Filago minima","Logfia minima"
"72","Filago lutescens","Filago lutescens"
"73","Filago pyramidata","Filago pyramidata"
"74","Filago germanica","Filago germanica"
"75","Gnaphalium norvegicum","Omalotheca norvegica"
"76","Gnaphalium supinum","Omalotheca supina"
"77","Gnaphalium sylvaticum","Omalotheca sylvatica"
"78","Gnaphalium uliginosum","Gnaphalium uliginosum"
"79","Homogyne alpina","Homogyne alpina"
"80","Tephroseris integrifolia","Tephroseris integrifolia"
"81","Tephroseris palustris","Tephroseris palustris"
"82","Jacobaea aquatica","Jacobaea aquatica"
"83","Jacobaea vulgaris","Jacobaea vulgaris"
"84","Senecio erucifolius","Jacobaea erucifolia"
"85","Jacobaea paludosa","Jacobaea paludosa"
"86","Senecio cambrensis","Senecio cambrensis"
"87","Senecio vulgaris","Senecio vulgaris"
"88","Senecio sylvaticus","Senecio sylvaticus"
"89","Pulicaria dysenterica","Pulicaria dysenterica"
"90","Pulicaria vulgaris","Pulicaria vulgaris"
"91","Lactuca alpina","Lactuca alpina"
"92","Lactuca muralis","Lactuca muralis"
"93","Lactuca saligna","Lactuca saligna"
"94","Lactuca serriola","Lactuca serriola"
"95","Lactuca virosa","Lactuca virosa"
"96","Hypochaeris glabra","Hypochaeris glabra"
"97","Hypochaeris radicata","Hypochaeris radicata"
"98","Hypochaeris maculata","Hypochaeris maculata"
"99","Crepis biennis","Crepis biennis"
"100","Crepis capillaris","Crepis capillaris"
"101","Crepis foetida","Crepis foetida"
"102","Crepis mollis","Crepis mollis"
"103","Crepis paludosa","Crepis paludosa"
"104","Crepis praemorsa","Crepis praemorsa"
"105","Pilosella flagellaris","Pilosella flagellaris"
"106","Pilosella officinarum","Pilosella officinarum"
"107","Pilosella peleteriana","Pilosella peleteriana"
"108","Saussurea alpina","Saussurea alpina"
"109","Menyanthes trifoliata","Menyanthes trifoliata"
"110","Nymphoides peltata","Nymphoides peltata"
"111","Campanula glomerata","Campanula glomerata"
"112","Campanula latifolia","Campanula latifolia"
"113","Campanula trachelium","Campanula trachelium"
"114","Campanula patula","Campanula patula"
"115","Campanula rapunculus","Campanula rapunculus"
"116","Campanula rotundifolia","Campanula rotundifolia"
"117","Legousia hybrida","Legousia hybrida"
"118","Phyteuma orbiculare","Phyteuma orbiculare"
"119","Phyteuma spicatum","Phyteuma spicatum"
"120","Jasione montana","Jasione montana"
"121","Wahlenbergia hederacea","Wahlenbergia hederacea"
"122","Lobelia dortmanna","Lobelia dortmanna"
"123","Adoxa moschatellina","Adoxa moschatellina"
"124","Sambucus ebulus","Sambucus ebulus"
"125","Sambucus nigra","Sambucus nigra"
"126","Viburnum lantana","Viburnum lantana"
"127","Viburnum opulus","Viburnum opulus"
"128","Dipsacus fullonum","Dipsacus fullonum"
"129","Dipsacus pilosus","Dipsacus pilosus"
"130","Knautia arvensis","Knautia arvensis"
"131","Succisa pratensis","Succisa pratensis"
"132","Scabiosa columbaria","Scabiosa columbaria"
"133","Valeriana dioica","Valeriana dioica"
"134","Valeriana officinalis","Valeriana officinalis"
"135","Valerianella carinata","Valerianella carinata"
"136","Valerianella locusta","Valerianella locusta"
"137","Valerianella dentata","Valerianella dentata"
"138","Valerianella eriocarpa","Valerianella eriocarpa"
"139","Valerianella rimosa","Valerianella rimosa"
"140","Linnaea borealis","Linnaea borealis"
"141","Lonicera periclymenum","Lonicera periclymenum"
"142","Aegopodium podagraria","Aegopodium podagraria"
"143","Meum athamanticum","Meum athamanticum"
"144","Carum carvi","Carum carvi"
"145","Carum verticillatum","Trocdaris verticillata"
"146","Bunium bulbocastanum","Bunium bulbocastanum"
"147","Sison amomum","Sison amomum"
"148","Crithmum maritimum","Crithmum maritimum"
"149","Aethusa cynapium","Aethusa cynapium"
"150","Angelica sylvestris","Angelica sylvestris"
"151","Peucedanum officinale","Peucedanum officinale"
"152","Peucedanum ostruthium","Peucedanum ostruthium"
"153","Peucedanum palustre","Thysselinum palustre"
"154","Seseli libanotis","Seseli libanotis"
"155","Trinia glauca","Trinia glauca"
"156","Selinum carvifolia","Selinum carvifolia"
"157","Heracleum sphondylium","Heracleum sphondylium"
"158","Pastinaca sativa","Pastinaca sativa"
"159","Silaum silaus","Silaum silaus"
"160","Smyrnium olusatrum","Smyrnium olusatrum"
"161","Conium maculatum","Conium maculatum"
"162","Foeniculum vulgare","Foeniculum vulgare"
"163","Petroselinum crispum","Petroselinum crispum"
"164","Petroselinum segetum","Sison segetum"
"165","Pimpinella major","Pimpinella major"
"166","Pimpinella saxifraga","Pimpinella saxifraga"
"167","Anthriscus caucalis","Anthriscus caucalis"
"168","Anthriscus sylvestris","Anthriscus sylvestris"
"169","Scandix pecten-veneris","Scandix pecten-veneris"
"170","Chaerophyllum temulum","Chaerophyllum temulum"
"171","Conopodium majus","Conopodium majus"
"172","Daucus carota","Daucus carota"
"173","Torilis arvensis","Torilis arvensis"
"174","Torilis nodosa","Torilis nodosa"
"175","Torilis japonica","Torilis japonica"
"176","Ligusticum scoticum","Ligusticum scoticum"
"177","Apium graveolens","Apium graveolens"
"178","Apium inundatum","Helosciadium inundatum"
"179","Apium nodiflorum","Helosciadium nodiflorum"
"180","Apium repens","Helosciadium repens"
"181","Berula erecta","Berula erecta"
"182","Sium latifolium","Sium latifolium"
"183","Cicuta virosa","Cicuta virosa"
"184","Oenanthe aquatica","Oenanthe aquatica"
"185","Oenanthe fluviatilis","Oenanthe fluviatilis"
"186","Oenanthe crocata","Oenanthe crocata"
"187","Oenanthe lachenalii","Oenanthe lachenalii"
"188","Oenanthe fistulosa","Oenanthe fistulosa"
"189","Oenanthe pimpinelloides","Oenanthe pimpinelloides"
"190","Oenanthe silaifolia","Oenanthe silaifolia"
"191","Physospermum cornubiense","Physospermum cornubiense"
"192","Bupleurum baldense","Bupleurum baldense"
"193","Bupleurum rotundifolium","Bupleurum rotundifolium"
"194","Bupleurum tenuissimum","Bupleurum tenuissimum"
"195","Eryngium campestre","Eryngium campestre"
"196","Eryngium maritimum","Eryngium maritimum"
"197","Sanicula europaea","Sanicula europaea"
"198","Hedera helix","Hedera helix"
"199","Hydrocotyle vulgaris","Hydrocotyle vulgaris"
"200","Ilex aquifolium","Ilex aquifolium"
"201","Ajuga chamaepitys","Ajuga chamaepitys"
"202","Ajuga pyramidalis","Ajuga pyramidalis"
"203","Ajuga reptans","Ajuga reptans"
"204","Teucrium scordium","Teucrium scordium"
"205","Teucrium scorodonia","Teucrium scorodonia"
"206","Ballota nigra","Ballota nigra"
"207","Lamium galeobdolon","Lamium galeobdolon"
"208","Lamium album","Lamium album"
"209","Marrubium vulgare","Marrubium vulgare"
"210","Lamium amplexicaule","Lamium amplexicaule"
"211","Lamium purpureum","Lamium purpureum"
"212","Lamium confertum","Lamium confertum"
"213","Lamium purpureum","Lamium hybridum"
"214","Melittis melissophyllum","Melittis melissophyllum"
"215","Galeopsis ladanum","Galeopsis ladanum"
"216","Galeopsis segetum","Galeopsis segetum"
"217","Galeopsis bifida","Galeopsis bifida"
"218","Galeopsis speciosa","Galeopsis speciosa"
"219","Galeopsis tetrahit","Galeopsis tetrahit"
"220","Stachys alpina","Stachys alpina"
"221","Stachys germanica","Stachys germanica"
"222","Stachys arvensis","Stachys arvensis"
"223","Stachys palustris","Stachys palustris"
"224","Stachys sylvatica","Stachys sylvatica"
"225","Stachys officinalis","Stachys officinalis"
"226","Scutellaria galericulata","Scutellaria galericulata"
"227","Scutellaria minor","Scutellaria minor"
"228","Clinopodium acinos","Clinopodium acinos"
"229","Clinopodium vulgare","Clinopodium vulgare"
"230","Mentha aquatica","Mentha aquatica"
"231","Mentha pulegium","Mentha pulegium"
"232","Mentha suaveolens","Mentha suaveolens"
"233","Mentha spicata","Mentha spicata"
"234","Mentha arvensis","Mentha arvensis"
"235","Glechoma hederacea","Glechoma hederacea"
"236","Nepeta cataria","Nepeta cataria"
"237","Prunella vulgaris","Prunella vulgaris"
"238","Origanum vulgare","Origanum vulgare"
"239","Thymus praecox","Thymus drucei"
"240","Thymus pulegioides","Thymus pulegioides"
"241","Thymus serpyllum","Thymus serpyllum"
"242","Salvia pratensis","Salvia pratensis"
"243","Salvia verbenaca","Salvia verbenaca"
"244","Lycopus europaeus","Lycopus europaeus"
"245","Bartsia alpina","Bartsia alpina"
"246","Euphrasia campbelliae","Euphrasia campbelliae"
"247","Euphrasia nemorosa","Euphrasia nemorosa"
"248","Euphrasia arctica","Euphrasia arctica"
"249","Euphrasia pseudokerneri","Euphrasia pseudokerneri"
"250","Euphrasia cambrica","Euphrasia cambrica"
"251","Euphrasia ostenfeldii","Euphrasia ostenfeldii"
"252","Euphrasia foulaensis","Euphrasia foulaensis"
"253","Euphrasia tetraquetra","Euphrasia tetraquetra"
"254","Euphrasia micrantha","Euphrasia micrantha"
"255","Euphrasia anglica","Euphrasia anglica"
"256","Euphrasia vigursii","Euphrasia vigursii"
"257","Euphrasia rivularis","Euphrasia rivularis"
"258","Euphrasia scottica","Euphrasia scottica"
"259","Euphrasia frigida","Euphrasia frigida"
"260","Euphrasia rostkoviana","Euphrasia rostkoviana"
"261","Euphrasia confusa","Euphrasia confusa"
"262","Euphrasia rotundifolia","Euphrasia rotundifolia"
"263","Euphrasia heslop-harrisonii","Euphrasia heslop-harrisonii"
"264","Odontites vernus","Odontites vernus"
"265","Parentucellia viscosa","Parentucellia viscosa"
"266","Lathraea squamaria","Lathraea squamaria"
"267","Rhinanthus minor","Rhinanthus minor"
"268","Melampyrum cristatum","Melampyrum cristatum"
"269","Melampyrum sylvaticum","Melampyrum sylvaticum"
"270","Melampyrum pratense","Melampyrum pratense"
"271","Orobanche alba","Orobanche alba"
"272","Orobanche reticulata","Orobanche reticulata"
"273","Orobanche caryophyllacea","Orobanche caryophyllacea"
"274","Orobanche rapum-genistae","Orobanche rapum-genistae"
"275","Orobanche elatior","Orobanche elatior"
"276","Orobanche hederae","Orobanche hederae"
"277","Orobanche minor","Orobanche minor"
"278","Orobanche artemisiae-campestris","Orobanche artemisiae-campestris"
"279","Orobanche purpurea","Phelipanche purpurea"
"280","Pedicularis palustris","Pedicularis palustris"
"281","Pedicularis sylvatica","Pedicularis sylvatica"
"282","Pinguicula alpina","Pinguicula alpina"
"283","Pinguicula lusitanica","Pinguicula lusitanica"
"284","Pinguicula vulgaris","Pinguicula vulgaris"
"285","Utricularia australis","Utricularia australis"
"286","Utricularia vulgaris","Utricularia vulgaris"
"287","Utricularia minor","Utricularia minor"
"288","Utricularia intermedia","Utricularia intermedia"
"289","Utricularia stygia","Utricularia stygia"
"290","Verbena officinalis","Verbena officinalis"
"291","Limosella aquatica","Limosella aquatica"
"292","Limosella australis","Limosella australis"
"293","Scrophularia auriculata","Scrophularia auriculata"
"294","Scrophularia nodosa","Scrophularia nodosa"
"295","Verbascum nigrum","Verbascum nigrum"
"296","Verbascum thapsus","Verbascum thapsus"
"297","Callitriche brutia","Callitriche brutia"
"298","Callitriche platycarpa","Callitriche platycarpa"
"299","Callitriche obtusangula","Callitriche obtusangula"
"300","Callitriche stagnalis","Callitriche stagnalis"
"301","Callitriche hermaphroditica","Callitriche hermaphroditica"
"302","Callitriche truncata","Callitriche truncata"
"303","Hippuris vulgaris","Hippuris vulgaris"
"304","Sibthorpia europaea","Sibthorpia europaea"
"305","Digitalis purpurea","Digitalis purpurea"
"306","Littorella uniflora","Littorella uniflora"
"307","Plantago coronopus","Plantago coronopus"
"308","Plantago maritima","Plantago maritima"
"309","Plantago lanceolata","Plantago lanceolata"
"310","Plantago major","Plantago major"
"311","Plantago media","Plantago media"
"312","Veronica agrestis","Veronica agrestis"
"313","Veronica arvensis","Veronica arvensis"
"314","Veronica chamaedrys","Veronica chamaedrys"
"315","Veronica verna","Veronica verna"
"316","Veronica fruticans","Veronica fruticans"
"317","Veronica hederifolia","Veronica hederifolia"
"318","Veronica alpina","Veronica alpina"
"319","Veronica montana","Veronica montana"
"320","Veronica officinalis","Veronica officinalis"
"321","Veronica scutellata","Veronica scutellata"
"322","Veronica spicata","Veronica spicata"
"323","Veronica serpyllifolia","Veronica serpyllifolia"
"324","Veronica beccabunga","Veronica beccabunga"
"325","Veronica catenata","Veronica catenata"
"326","Veronica anagallis-aquatica","Veronica anagallis-aquatica"
"327","Chaenorhinum minus","Chaenorhinum minus"
"328","Linaria repens","Linaria repens"
"329","Linaria vulgaris","Linaria vulgaris"
"330","Misopates orontium","Misopates orontium"
"331","Kickxia elatine","Kickxia elatine"
"332","Kickxia spuria","Kickxia spuria"
"333","Fraxinus excelsior","Fraxinus excelsior"
"334","Ligustrum vulgare","Ligustrum vulgare"
"335","Atropa belladonna","Atropa belladonna"
"336","Hyoscyamus niger","Hyoscyamus niger"
"337","Solanum dulcamara","Solanum dulcamara"
"338","Solanum americanum","Solanum americanum"
"339","Calystegia sepium","Calystegia sepium"
"340","Calystegia soldanella","Calystegia soldanella"
"341","Convolvulus arvensis","Convolvulus arvensis"
"342","Cuscuta epithymum","Cuscuta epithymum"
"343","Cuscuta europaea","Cuscuta europaea"
"344","Blackstonia perfoliata","Blackstonia perfoliata"
"345","Centaurium erythraea","Centaurium erythraea"
"346","Centaurium littorale","Centaurium littorale"
"347","Centaurium scilloides","Centaurium portense"
"348","Centaurium pulchellum","Centaurium pulchellum"
"349","Centaurium tenuiflorum","Centaurium tenuiflorum"
"350","Cicendia filiformis","Cicendia filiformis"
"351","Gentiana nivalis","Gentiana nivalis"
"352","Gentiana verna","Gentiana verna"
"353","Gentiana pneumonanthe","Gentiana pneumonanthe"
"354","Gentianella amarella","Gentianella amarella"
"355","Gentianella anglica","Gentianella amarella"
"356","Gentianella campestris","Gentianella campestris"
"357","Gentianella germanica","Gentianella germanica"
"358","Gentianopsis ciliata","Gentianopsis ciliata"
"359","Vinca minor","Vinca minor"
"360","Cruciata laevipes","Cruciata laevipes"
"361","Galium aparine","Galium aparine"
"362","Galium tricornutum","Galium tricornutum"
"363","Galium odoratum","Galium odoratum"
"364","Galium mollugo","Galium mollugo"
"365","Galium verum","Galium verum"
"366","Galium uliginosum","Galium uliginosum"
"367","Galium parisiense","Galium parisiense"
"368","Galium pumilum","Galium pumilum"
"369","Galium saxatile","Galium saxatile"
"370","Galium sterneri","Galium sterneri"
"371","Galium boreale","Galium boreale"
"372","Galium palustre","Galium palustre"
"373","Galium debile","Galium debile"
"374","Sherardia arvensis","Sherardia arvensis"
"375","Asperula cynanchica","Asperula cynanchica"
"376","Rubia peregrina","Rubia peregrina"
"377","Cynoglossum germanicum","Cynoglossum germanicum"
"378","Cynoglossum officinale","Cynoglossum officinale"
"379","Myosotis arvensis","Myosotis arvensis"
"380","Myosotis sylvatica","Myosotis sylvatica"
"381","Myosotis discolor","Myosotis discolor"
"382","Myosotis ramosissima","Myosotis ramosissima"
"383","Myosotis laxa","Myosotis laxa"
"384","Myosotis scorpioides","Myosotis scorpioides"
"385","Myosotis secunda","Myosotis secunda"
"386","Myosotis stolonifera","Myosotis stolonifera"
"387","Myosotis alpestris","Myosotis alpestris"
"388","Mertensia maritima","Mertensia maritima"
"389","Pulmonaria longifolia","Pulmonaria longifolia"
"390","Pulmonaria obscura","Pulmonaria obscura"
"391","Anchusa arvensis","Lycopsis arvensis"
"392","Symphytum officinale","Symphytum officinale"
"393","Symphytum tuberosum","Symphytum tuberosum"
"394","Buglossoides arvensis","Buglossoides arvensis"
"395","Lithospermum purpureocoeruleum","Aegonychon purpureocaeruleum"
"396","Lithospermum officinale","Lithospermum officinale"
"397","Echium plantagineum","Echium plantagineum"
"398","Echium vulgare","Echium vulgare"
"399","Anagallis arvensis","Lysimachia arvensis"
"400","Anagallis tenella","Lysimachia tenella"
"401","Anagallis minima","Lysimachia minima"
"402","Lysimachia nemorum","Lysimachia nemorum"
"403","Lysimachia nummularia","Lysimachia nummularia"
"404","Lysimachia thyrsiflora","Lysimachia thyrsiflora"
"405","Lysimachia vulgaris","Lysimachia vulgaris"
"406","Lysimachia maritima","Lysimachia maritima"
"407","Lysimachia europaea","Lysimachia europaea"
"408","Hottonia palustris","Hottonia palustris"
"409","Primula farinosa","Primula farinosa"
"410","Primula scotica","Primula scotica"
"411","Primula veris","Primula veris"
"412","Primula vulgaris","Primula vulgaris"
"413","Primula elatior","Primula elatior"
"414","Samolus valerandi","Samolus valerandi"
"415","Andromeda polifolia","Andromeda polifolia"
"416","Vaccinium microcarpum","Vaccinium microcarpum"
"417","Vaccinium oxycoccos","Vaccinium oxycoccos"
"418","Vaccinium uliginosum","Vaccinium uliginosum"
"419","Vaccinium myrtillus","Vaccinium myrtillus"
"420","Vaccinium vitis-idaea","Vaccinium vitis-idaea"
"421","Calluna vulgaris","Calluna vulgaris"
"422","Erica ciliaris","Erica ciliaris"
"423","Erica tetralix","Erica tetralix"
"424","Erica vagans","Erica vagans"
"425","Erica cinerea","Erica cinerea"
"426","Empetrum nigrum","Empetrum nigrum"
"427","Loiseleuria procumbens","Loiseleuria procumbens"
"428","Phyllodoce caerulea","Phyllodoce caerulea"
"429","Arctous alpina","Arctous alpina"
"430","Arctostaphylos uva-ursi","Arctostaphylos uva-ursi"
"431","Monotropa hypopitys","Monotropa hypopitys"
"432","Moneses uniflora","Moneses uniflora"
"433","Orthilia secunda","Orthilia secunda"
"434","Pyrola media","Pyrola media"
"435","Pyrola minor","Pyrola minor"
"436","Pyrola rotundifolia","Pyrola rotundifolia"
"437","Diapensia lapponica","Diapensia lapponica"
"438","Polemonium caeruleum","Polemonium caeruleum"
"439","Impatiens noli-tangere","Impatiens noli-tangere"
"440","Cornus sanguinea","Cornus sanguinea"
"441","Cornus suecica","Cornus suecica"
"442","Agrostemma githago","Agrostemma githago"
"443","Silene acaulis","Silene acaulis"
"444","Silene nutans","Silene nutans"
"445","Silene otites","Silene otites"
"446","Silene gallica","Silene gallica"
"447","Silene conica","Silene conica"
"448","Silene dioica","Silene dioica"
"449","Silene latifolia","Silene latifolia"
"450","Silene uniflora","Silene uniflora"
"451","Silene vulgaris","Silene vulgaris"
"452","Silene noctiflora","Silene noctiflora"
"453","Silene suecica","Silene suecica"
"454","Silene viscaria","Silene viscaria"
"455","Silene flos-cuculi","Silene flos-cuculi"
"456","Dianthus armeria","Dianthus armeria"
"457","Dianthus deltoides","Dianthus deltoides"
"458","Dianthus gratianopolitanus","Dianthus gratianopolitanus"
"459","Petrorhagia nanteuilii","Petrorhagia nanteuilii"
"460","Saponaria officinalis","Saponaria officinalis"
"461","Arenaria norvegica","Arenaria norvegica"
"462","Arenaria serpyllifolia","Arenaria serpyllifolia"
"463","Moehringia trinervia","Moehringia trinervia"
"464","Cerastium alpinum","Cerastium alpinum"
"465","Cerastium arvense","Cerastium arvense"
"466","Cerastium nigrescens","Cerastium nigrescens"
"467","Cerastium diffusum","Cerastium diffusum"
"468","Cerastium pumilum","Cerastium pumilum"
"469","Cerastium semidecandrum","Cerastium semidecandrum"
"470","Cerastium fontanum","Cerastium fontanum"
"471","Cerastium glomeratum","Cerastium glomeratum"
"472","Cerastium cerastoides","Cerastium cerastoides"
"473","Moenchia erecta","Moenchia erecta"
"474","Stellaria aquatica","Stellaria aquatica"
"475","Stellaria graminea","Stellaria graminea"
"476","Stellaria palustris","Stellaria palustris"
"477","Stellaria uliginosa","Stellaria uliginosa"
"478","Stellaria media","Stellaria media"
"479","Stellaria neglecta","Stellaria neglecta"
"480","Stellaria pallida","Stellaria pallida"
"481","Stellaria nemorum","Stellaria nemorum"
"482","Stellaria holostea","Stellaria holostea"
"483","Honckenya peploides","Honckenya peploides"
"484","Scleranthus annuus","Scleranthus annuus"
"485","Scleranthus perennis","Scleranthus perennis"
"486","Minuartia hybrida","Sabulina tenuifolia"
"487","Minuartia rubella","Sabulina rubella"
"488","Minuartia verna","Sabulina verna"
"489","Minuartia stricta","Sabulina stricta"
"490","Minuartia sedoides","Cherleria sedoides"
"491","Sagina apetala","Sagina apetala"
"492","Sagina maritima","Sagina maritima"
"493","Sagina nivalis","Sagina nivalis"
"494","Sagina nodosa","Sagina nodosa"
"495","Sagina procumbens","Sagina procumbens"
"496","Sagina saginoides","Sagina saginoides"
"497","Sagina subulata","Sagina subulata"
"498","Spergula arvensis","Spergula arvensis"
"499","Spergularia marina","Spergularia marina"
"500","Spergularia media","Spergularia media"
"501","Spergularia rupicola","Spergularia rupicola"
"502","Spergularia rubra","Spergularia rubra"
"503","Illecebrum verticillatum","Illecebrum verticillatum"
"504","Polycarpon tetraphyllum","Polycarpon tetraphyllum"
"505","Herniaria ciliolata","Herniaria ciliolata"
"506","Herniaria glabra","Herniaria glabra"
"507","Corrigiola litoralis","Corrigiola litoralis"
"508","Atriplex glabriuscula","Atriplex glabriuscula"
"509","Atriplex longipes","Atriplex longipes"
"510","Atriplex patula","Atriplex patula"
"511","Atriplex nudicaulis","Atriplex nudicaulis"
"512","Atriplex littoralis","Atriplex littoralis"
"513","Atriplex laciniata","Atriplex laciniata"
"514","Atriplex portulacoides","Atriplex portulacoides"
"515","Chenopodium album","Chenopodium album"
"516","Chenopodium ficifolium","Chenopodium ficifolium"
"517","Chenopodium vulvaria","Chenopodium vulvaria"
"518","Chenopodium glaucum","Oxybasis glauca"
"519","Chenopodium hybridum","Chenopodiastrum hybridum"
"520","Chenopodium murale","Chenopodiastrum murale"
"521","Chenopodium chenopodioides","Oxybasis chenopodioides"
"522","Chenopodium rubrum","Oxybasis rubra"
"523","Chenopodium urbicum","Oxybasis urbica"
"524","Chenopodium polyspermum","Lipandra polysperma"
"525","Chenopodium bonus-henricus","Blitum bonus-henricus"
"526","Beta vulgaris","Beta vulgaris"
"527","Salicornia dolichostachya","Salicornia dolichostachya"
"528","Salicornia emerici","Salicornia emerici"
"529","Salicornia europaea","Salicornia europaea"
"530","Salicornia nitens","Salicornia nitens"
"531","Salicornia pusilla","Salicornia disarticulata"
"532","Salicornia ramosissima","Salicornia ramosissima"
"533","Sarcocornia perennis","Sarcocornia perennis"
"534","Suaeda maritima","Suaeda maritima"
"535","Suaeda vera","Suaeda vera"
"536","Salsola kali","Salsola kali"
"537","Montia fontana","Montia fontana"
"538","Armeria maritima","Armeria maritima"
"539","Limonium binervosum","Limonium binervosum"
"540","Limonium recurvum","Limonium recurvum"
"541","Limonium procerum","Limonium procerum"
"542","Limonium humile","Limonium humile"
"543","Limonium vulgare","Limonium vulgare"
"544","Fallopia convolvulus","Fallopia convolvulus"
"545","Fallopia dumetorum","Fallopia dumetorum"
"546","Polygonum arenastrum","Polygonum depressum"
"547","Polygonum oxyspermum","Polygonum oxyspermum"
"548","Polygonum aviculare","Polygonum aviculare"
"549","Polygonum boreale","Polygonum boreale"
"550","Polygonum maritimum","Polygonum maritimum"
"551","Polygonum rurivagum","Polygonum rurivagum"
"552","Oxyria digyna","Oxyria digyna"
"553","Rumex acetosa","Rumex acetosa"
"554","Rumex acetosella","Rumex acetosella"
"555","Rumex alpinus","Rumex alpinus"
"556","Rumex aquaticus","Rumex aquaticus"
"557","Rumex crispus","Rumex crispus"
"558","Rumex longifolius","Rumex longifolius"
"559","Rumex conglomeratus","Rumex conglomeratus"
"560","Rumex sanguineus","Rumex sanguineus"
"561","Rumex obtusifolius","Rumex obtusifolius"
"562","Rumex hydrolapathum","Rumex hydrolapathum"
"563","Rumex maritimus","Rumex maritimus"
"564","Rumex palustris","Rumex palustris"
"565","Rumex pulcher","Rumex pulcher"
"566","Koenigia islandica","Koenigia islandica"
"567","Persicaria amphibia","Persicaria amphibia"
"568","Persicaria hydropiper","Persicaria hydropiper"
"569","Persicaria lapathifolia","Persicaria lapathifolia"
"570","Persicaria maculosa","Persicaria maculosa"
"571","Persicaria minor","Persicaria minor"
"572","Persicaria mitis","Persicaria mitis"
"573","Persicaria bistorta","Bistorta officinalis"
"574","Persicaria vivipara","Bistorta vivipara"
"575","Drosera anglica","Drosera anglica"
"576","Drosera intermedia","Drosera intermedia"
"577","Drosera rotundifolia","Drosera rotundifolia"
"578","Thesium humifusum","Thesium humifusum"
"579","Viscum album","Viscum album"
"580","Aconitum napellus","Aconitum napellus"
"581","Adonis annua","Adonis annua"
"582","Trollius europaeus","Trollius europaeus"
"583","Anemone nemorosa","Anemone nemorosa"
"584","Anemone pulsatilla","Anemone pulsatilla"
"585","Clematis vitalba","Clematis vitalba"
"586","Aquilegia vulgaris","Aquilegia vulgaris"
"587","Thalictrum alpinum","Thalictrum alpinum"
"588","Thalictrum flavum","Thalictrum flavum"
"589","Thalictrum minus","Thalictrum minus"
"590","Myosurus minimus","Myosurus minimus"
"591","Ranunculus acris","Ranunculus acris"
"592","Ranunculus parviflorus","Ranunculus parviflorus"
"593","Ranunculus arvensis","Ranunculus arvensis"
"594","Ranunculus bulbosus","Ranunculus bulbosus"
"595","Ranunculus repens","Ranunculus repens"
"596","Ranunculus sardous","Ranunculus sardous"
"597","Ranunculus flammula","Ranunculus flammula"
"598","Ranunculus lingua","Ranunculus lingua"
"599","Ranunculus reptans","Ranunculus reptans"
"600","Ranunculus aquatilis","Ranunculus aquatilis"
"601","Ranunculus fluitans","Ranunculus fluitans"
"602","Ranunculus trichophyllus","Ranunculus trichophyllus"
"603","Ranunculus penicillatus","Ranunculus penicillatus"
"604","Ranunculus peltatus","Ranunculus peltatus"
"605","Ranunculus peltatus","Ranunculus baudotii"
"606","Ranunculus circinatus","Ranunculus circinatus"
"607","Ranunculus hederaceus","Ranunculus hederaceus"
"608","Ranunculus omiophyllus","Ranunculus omiophyllus"
"609","Ranunculus tripartitus","Ranunculus tripartitus"
"610","Ranunculus sceleratus","Ranunculus sceleratus"
"611","Ranunculus auricomus","Ranunculus auricomus"
"612","Ficaria verna","Ficaria verna"
"613","Actaea spicata","Actaea spicata"
"614","Helleborus foetidus","Helleborus foetidus"
"615","Helleborus viridis","Helleborus viridis"
"616","Caltha palustris","Caltha palustris"
"617","Ceratocapnos claviculata","Ceratocapnos claviculata"
"618","Fumaria bastardii","Fumaria bastardii"
"619","Fumaria densiflora","Fumaria densiflora"
"620","Fumaria parviflora","Fumaria parviflora"
"621","Fumaria capreolata","Fumaria capreolata"
"622","Fumaria purpurea","Fumaria purpurea"
"623","Fumaria occidentalis","Fumaria occidentalis"
"624","Fumaria muralis","Fumaria muralis"
"625","Fumaria officinalis","Fumaria officinalis"
"626","Fumaria vaillantii","Fumaria vaillantii"
"627","Chelidonium majus","Chelidonium majus"
"628","Glaucium flavum","Glaucium flavum"
"629","Papaver cambricum","Papaver cambricum"
"630","Papaver argemone","Roemeria argemone"
"631","Papaver hybridum","Roemeria hispida"
"632","Papaver dubium","Papaver dubium"
"633","Papaver somniferum","Papaver somniferum"
"634","Papaver rhoeas","Papaver rhoeas"
"635","Agrostis canina","Agrostis canina"
"636","Agrostis vinealis","Agrostis vinealis"
"637","Agrostis curtisii","Agrostis curtisii"
"638","Agrostis gigantea","Agrostis gigantea"
"639","Agrostis stolonifera","Agrostis stolonifera"
"640","Agrostis capillaris","Agrostis capillaris"
"641","Polypogon monspeliensis","Polypogon monspeliensis"
"642","Gastridium ventricosum","Gastridium ventricosum"
"643","Ammophila arenaria","Ammophila arenaria"
"644","Calamagrostis canescens","Calamagrostis canescens"
"645","Calamagrostis scotica","Calamagrostis scotica"
"646","Calamagrostis stricta","Calamagrostis stricta"
"647","Calamagrostis purpurea","Calamagrostis purpurea"
"648","Calamagrostis epigejos","Calamagrostis epigejos"
"649","Anthoxanthum odoratum","Anthoxanthum odoratum"
"650","Hierochloe odorata","Hierochloe odorata"
"651","Arrhenatherum elatius","Arrhenatherum elatius"
"652","Gaudinia fragilis","Gaudinia fragilis"
"653","Koeleria macrantha","Koeleria macrantha"
"654","Koeleria vallesiana","Koeleria vallesiana"
"655","Trisetum flavescens","Trisetum flavescens"
"656","Briza media","Briza media"
"657","Briza minor","Briza minor"
"658","Phalaris arundinacea","Phalaris arundinacea"
"659","Aira caryophyllea","Aira caryophyllea"
"660","Aira praecox","Aira praecox"
"661","Corynephorus canescens","Corynephorus canescens"
"662","Catabrosa aquatica","Catabrosa aquatica"
"663","Puccinellia distans","Puccinellia distans"
"664","Puccinellia fasciculata","Puccinellia fasciculata"
"665","Pseudosclerochloa rupestris","Puccinellia rupestris"
"666","Puccinellia maritima","Puccinellia maritima"
"667","Alopecurus aequalis","Alopecurus aequalis"
"668","Alopecurus magellanicus","Alopecurus magellanicus"
"669","Alopecurus bulbosus","Alopecurus bulbosus"
"670","Alopecurus geniculatus","Alopecurus geniculatus"
"671","Alopecurus myosuroides","Alopecurus myosuroides"
"672","Alopecurus pratensis","Alopecurus pratensis"
"673","Apera spica-venti","Apera spica-venti"
"674","Milium effusum","Milium effusum"
"675","Phleum alpinum","Phleum alpinum"
"676","Phleum bertolonii","Phleum bertolonii"
"677","Phleum pratense","Phleum pratense"
"678","Phleum arenarium","Phleum arenarium"
"679","Phleum phleoides","Phleum phleoides"
"680","Poa alpina","Poa alpina"
"681","Poa bulbosa","Poa bulbosa"
"682","Poa angustifolia","Poa angustifolia"
"683","Poa humilis","Poa humilis"
"684","Poa pratensis","Poa pratensis"
"685","Poa compressa","Poa compressa"
"686","Poa flexuosa","Poa flexuosa"
"687","Poa glauca","Poa glauca"
"688","Poa nemoralis","Poa nemoralis"
"689","Poa trivialis","Poa trivialis"
"690","Poa annua","Poa annua"
"691","Poa infirma","Poa infirma"
"692","Deschampsia cespitosa","Deschampsia cespitosa"
"693","Deschampsia setacea","Aristavena setacea"
"694","Deschampsia flexuosa","Avenella flexuosa"
"695","Helictotrichon pratense","Helictotrichon pratense"
"696","Helictotrichon pubescens","Helictotrichon pubescens"
"697","Catapodium marinum","Catapodium marinum"
"698","Catapodium rigidum","Catapodium rigidum"
"699","Parapholis incurva","Parapholis incurva"
"700","Parapholis strigosa","Parapholis strigosa"
"701","Cynosurus cristatus","Cynosurus cristatus"
"702","Dactylis glomerata","Dactylis glomerata"
"703","Festuca altissima","Drymochloa sylvatica"
"704","Festuca arundinacea","Schedonorus arundinaceus"
"705","Festuca gigantea","Schedonorus giganteus"
"706","Festuca pratensis","Schedonorus pratensis"
"707","Festuca rubra","Festuca arenaria"
"708","Festuca rubra","Festuca rubra"
"709","Festuca filiformis","Festuca filiformis"
"710","Festuca lemanii","Festuca lemanii"
"711","Festuca vivipara","Festuca vivipara"
"712","Festuca ovina","Festuca ovina"
"713","Vulpia bromoides","Vulpia bromoides"
"714","Vulpia ciliata","Vulpia ciliata"
"715","Vulpia myuros","Vulpia myuros"
"716","Vulpia fasciculata","Vulpia fasciculata"
"717","Lolium perenne","Lolium perenne"
"718","Lolium temulentum","Lolium temulentum"
"719","Mibora minima","Mibora minima"
"720","Sesleria caerulea","Sesleria caerulea"
"721","Holcus lanatus","Holcus lanatus"
"722","Holcus mollis","Holcus mollis"
"723","Bromus sterilis","Anisantha sterilis"
"724","Bromus benekenii","Bromopsis benekenii"
"725","Bromus ramosus","Bromopsis ramosa"
"726","Bromus erectus","Bromopsis erecta"
"727","Elymus caninus","Elymus caninus"
"728","Elymus athericus","Elymus athericus"
"729","Elymus farctus","Elymus junceiformis"
"730","Elymus repens","Elymus repens"
"731","Hordelymus europaeus","Hordelymus europaeus"
"732","Hordeum marinum","Hordeum marinum"
"733","Hordeum secalinum","Hordeum secalinum"
"734","Hordeum murinum","Hordeum murinum"
"735","Leymus arenarius","Leymus arenarius"
"736","Avena fatua","Avena fatua"
"737","Bromus commutatus","Bromus racemosus"
"738","Bromus hordeaceus","Bromus hordeaceus"
"739","Bromus interruptus","Bromus interruptus"
"740","Bromus racemosus","Bromus racemosus"
"741","Bromus secalinus","Bromus secalinus"
"742","Brachypodium pinnatum","Brachypodium pinnatum"
"743","Brachypodium sylvaticum","Brachypodium sylvaticum"
"744","Brachypodium pinnatum","Brachypodium rupestre"
"745","Glyceria declinata","Glyceria declinata"
"746","Glyceria fluitans","Glyceria fluitans"
"747","Glyceria notata","Glyceria notata"
"748","Glyceria maxima","Glyceria maxima"
"749","Melica nutans","Melica nutans"
"750","Melica uniflora","Melica uniflora"
"751","Nardus stricta","Nardus stricta"
"752","Danthonia decumbens","Danthonia decumbens"
"753","Molinia caerulea","Molinia caerulea"
"754","Phragmites australis","Phragmites australis"
"755","Spartina anglica","Spartina anglica"
"756","Spartina maritima","Spartina maritima"
"757","Cynodon dactylon","Cynodon dactylon"
"758","Blysmus compressus","Blysmus compressus"
"759","Blysmus rufus","Blysmus rufus"
"760","Carex acuta","Carex acuta"
"761","Carex aquatilis","Carex aquatilis"
"762","Carex recta","Carex recta"
"763","Carex salina","Carex salina"
"764","Carex bigelowii","Carex bigelowii"
"765","Carex elata","Carex elata"
"766","Carex nigra","Carex nigra"
"767","Carex acutiformis","Carex acutiformis"
"768","Carex pallescens","Carex pallescens"
"769","Carex atrofusca","Carex atrofusca"
"770","Carex binervis","Carex binervis"
"771","Carex laevigata","Carex laevigata"
"772","Carex punctata","Carex punctata"
"773","Carex distans","Carex distans"
"774","Carex extensa","Carex extensa"
"775","Carex pendula","Carex pendula"
"776","Carex flava","Carex flava"
"777","Carex hostiana","Carex hostiana"
"778","Carex viridula","Carex viridula"
"779","Carex strigosa","Carex strigosa"
"780","Carex sylvatica","Carex sylvatica"
"781","Carex hirta","Carex hirta"
"782","Carex pseudocyperus","Carex pseudocyperus"
"783","Carex riparia","Carex riparia"
"784","Carex rostrata","Carex rostrata"
"785","Carex saxatilis","Carex saxatilis"
"786","Carex vesicaria","Carex vesicaria"
"787","Carex atrata","Carex atrata"
"788","Carex norvegica","Carex norvegica"
"789","Carex buxbaumii","Carex buxbaumii"
"790","Carex caryophyllea","Carex caryophyllea"
"791","Carex panicea","Carex panicea"
"792","Carex vaginata","Carex vaginata"
"793","Carex depauperata","Carex depauperata"
"794","Carex flacca","Carex flacca"
"795","Carex digitata","Carex digitata"
"796","Carex ornithopoda","Carex ornithopoda"
"797","Carex humilis","Carex humilis"
"798","Carex ericetorum","Carex ericetorum"
"799","Carex pilulifera","Carex pilulifera"
"800","Carex montana","Carex montana"
"801","Carex filiformis","Carex filiformis"
"802","Carex capillaris","Carex capillaris"
"803","Carex limosa","Carex limosa"
"804","Carex magellanica","Carex magellanica"
"805","Carex rariflora","Carex rariflora"
"806","Carex chordorrhiza","Carex chordorrhiza"
"807","Carex lasiocarpa","Carex lasiocarpa"
"808","Carex appropinquata","Carex appropinquata"
"809","Carex paniculata","Carex paniculata"
"810","Carex arenaria","Carex arenaria"
"811","Carex divisa","Carex divisa"
"812","Carex remota","Carex remota"
"813","Carex leporina","Carex leporina"
"814","Carex canescens","Carex canescens"
"815","Carex lachenalii","Carex lachenalii"
"816","Carex davalliana","Carex davalliana"
"817","Carex vulpina","Carex vulpina"
"818","Carex dioica","Carex dioica"
"819","Carex diandra","Carex diandra"
"820","Carex divulsa","Carex divulsa"
"821","Carex cuprina","Carex otrubae"
"822","Carex muricata","Carex muricata"
"823","Carex spicata","Carex spicata"
"824","Carex echinata","Carex echinata"
"825","Carex elongata","Carex elongata"
"826","Carex disticha","Carex disticha"
"827","Carex maritima","Carex maritima"
"828","Carex microglochin","Carex microglochin"
"829","Carex pauciflora","Carex pauciflora"
"830","Carex rupestris","Carex rupestris"
"831","Carex pulicaris","Carex pulicaris"
"832","Kobresia simpliciuscula","Carex simpliciuscula"
"833","Eriophorum angustifolium","Eriophorum angustifolium"
"834","Eriophorum vaginatum","Eriophorum vaginatum"
"835","Eriophorum latifolium","Eriophorum latifolium"
"836","Eriophorum gracile","Eriophorum gracile"
"837","Scirpus sylvaticus","Scirpus sylvaticus"
"838","Trichophorum alpinum","Trichophorum alpinum"
"839","Trichophorum cespitosum","Trichophorum cespitosum"
"840","Bolboschoenus maritimus","Bolboschoenus maritimus"
"841","Cyperus fuscus","Cyperus fuscus"
"842","Cyperus longus","Cyperus longus"
"843","Isolepis fluitans","Isolepis fluitans"
"844","Isolepis cernua","Isolepis cernua"
"845","Isolepis setacea","Isolepis setacea"
"846","Scirpoides holoschoenus","Scirpoides holoschoenus"
"847","Schoenoplectus lacustris","Schoenoplectus lacustris"
"848","Schoenoplectus tabernaemontani","Schoenoplectus tabernaemontani"
"849","Schoenoplectus triqueter","Schoenoplectus triqueter"
"850","Eleocharis acicularis","Eleocharis acicularis"
"851","Eleocharis mamillata","Eleocharis mamillata"
"852","Eleocharis parvula","Eleocharis parvula"
"853","Eleocharis uniglumis","Eleocharis uniglumis"
"854","Eleocharis multicaulis","Eleocharis multicaulis"
"855","Eleocharis palustris","Eleocharis palustris"
"856","Eleocharis quinqueflora","Eleocharis quinqueflora"
"857","Rhynchospora alba","Rhynchospora alba"
"858","Rhynchospora fusca","Rhynchospora fusca"
"859","Schoenus ferrugineus","Schoenus ferrugineus"
"860","Schoenus nigricans","Schoenus nigricans"
"861","Cladium mariscus","Cladium mariscus"
"862","Juncus acutiflorus","Juncus acutiflorus"
"863","Juncus alpinoarticulatus","Juncus alpinoarticulatus"
"864","Juncus articulatus","Juncus articulatus"
"865","Juncus bulbosus","Juncus bulbosus"
"866","Juncus subnodulosus","Juncus subnodulosus"
"867","Juncus biglumis","Juncus biglumis"
"868","Juncus triglumis","Juncus triglumis"
"869","Juncus castaneus","Juncus castaneus"
"870","Juncus acutus","Juncus acutus"
"871","Juncus maritimus","Juncus maritimus"
"872","Juncus hybridus","Juncus ranarius"
"873","Juncus foliosus","Juncus foliosus"
"874","Juncus bufonius","Juncus bufonius"
"875","Juncus pygmaeus","Juncus pygmaeus"
"876","Juncus balticus","Juncus balticus"
"877","Juncus filiformis","Juncus filiformis"
"878","Juncus compressus","Juncus compressus"
"879","Juncus gerardii","Juncus gerardii"
"880","Juncus conglomeratus","Juncus conglomeratus"
"881","Juncus effusus","Juncus effusus"
"882","Juncus inflexus","Juncus inflexus"
"883","Juncus squarrosus","Juncus squarrosus"
"884","Juncus trifidus","Juncus trifidus"
"885","Juncus capitatus","Juncus capitatus"
"886","Luzula arcuata","Luzula arcuata"
"887","Luzula campestris","Luzula campestris"
"888","Luzula multiflora","Luzula multiflora"
"889","Luzula pallescens","Luzula pallescens"
"890","Luzula spicata","Luzula spicata"
"891","Luzula sylvatica","Luzula sylvatica"
"892","Luzula forsteri","Luzula forsteri"
"893","Luzula pilosa","Luzula pilosa"
"894","Eriocaulon aquaticum","Eriocaulon aquaticum"
"895","Sparganium angustifolium","Sparganium angustifolium"
"896","Sparganium emersum","Sparganium emersum"
"897","Sparganium natans","Sparganium natans"
"898","Sparganium erectum","Sparganium erectum"
"899","Typha angustifolia","Typha angustifolia"
"900","Typha latifolia","Typha latifolia"
"901","Allium ampeloprasum","Allium ampeloprasum"
"902","Allium sphaerocephalon","Allium sphaerocephalon"
"903","Allium vineale","Allium vineale"
"904","Allium scorodoprasum","Allium scorodoprasum"
"905","Allium oleraceum","Allium oleraceum"
"906","Allium schoenoprasum","Allium schoenoprasum"
"907","Allium ursinum","Allium ursinum"
"908","Leucojum aestivum","Leucojum aestivum"
"909","Narcissus pseudonarcissus","Narcissus pseudonarcissus"
"910","Asparagus officinalis","Asparagus officinalis"
"911","Asparagus officinalis","Asparagus prostratus"
"912","Maianthemum bifolium","Maianthemum bifolium"
"913","Polygonatum multiflorum","Polygonatum multiflorum"
"914","Polygonatum odoratum","Polygonatum odoratum"
"915","Polygonatum verticillatum","Polygonatum verticillatum"
"916","Ruscus aculeatus","Ruscus aculeatus"
"917","Convallaria majalis","Convallaria majalis"
"918","Hyacinthoides non-scripta","Hyacinthoides non-scripta"
"919","Muscari neglectum","Muscari neglectum"
"920","Prospero autumnale","Prospero autumnale"
"921","Scilla verna","Scilla verna"
"922","Ornithogalum pyrenaicum","Ornithogalum pyrenaicum"
"923","Iris foetidissima","Iris foetidissima"
"924","Iris pseudacorus","Iris pseudacorus"
"925","Anacamptis pyramidalis","Anacamptis pyramidalis"
"926","Orchis mascula","Orchis mascula"
"927","Anacamptis morio","Anacamptis morio"
"928","Ophrys insectifera","Ophrys insectifera"
"929","Ophrys apifera","Ophrys apifera"
"930","Dactylorhiza viridis","Coeloglossum viride"
"931","Dactylorhiza fuchsii","Dactylorhiza fuchsii"
"932","Dactylorhiza trausteinerioides","Dactylorhiza trausteinerioides"
"933","Dactylorhiza praetermissa","Dactylorhiza praetermissa"
"934","Dactylorhiza purpurella","Dactylorhiza purpurella"
"935","Dactylorhiza kerryensis","Dactylorhiza kerryensis"
"936","Dactylorhiza maculata","Dactylorhiza maculata"
"937","Dactylorhiza incarnata","Dactylorhiza incarnata"
"938","Gymnadenia conopsea","Gymnadenia conopsea"
"939","Platanthera bifolia","Platanthera bifolia"
"940","Platanthera chlorantha","Platanthera chlorantha"
"941","Pseudorchis albida","Pseudorchis albida"
"942","Goodyera repens","Goodyera repens"
"943","Spiranthes romanzoffiana","Spiranthes romanzoffiana"
"944","Spiranthes spiralis","Spiranthes spiralis"
"945","Corallorhiza trifida","Corallorhiza trifida"
"946","Epipactis atrorubens","Epipactis atrorubens"
"947","Epipactis phyllanthes","Epipactis phyllanthes"
"948","Epipactis dunensis","Epipactis dunensis"
"949","Epipactis leptochila","Epipactis leptochila"
"950","Epipactis helleborine","Epipactis helleborine"
"951","Epipactis palustris","Epipactis palustris"
"952","Cephalanthera rubra","Cephalanthera rubra"
"953","Neottia cordata","Neottia cordata"
"954","Neottia ovata","Neottia ovata"
"955","Hammarbya paludosa","Hammarbya paludosa"
"956","Herminium monorchis","Herminium monorchis"
"957","Neottia nidus-avis","Neottia nidus-avis"
"958","Liparis loeselii","Liparis loeselii"
"959","Colchicum autumnale","Colchicum autumnale"
"960","Paris quadrifolia","Paris quadrifolia"
"961","Gagea bohemica","Gagea bohemica"
"962","Gagea lutea","Gagea lutea"
"963","Gagea serotina","Gagea serotina"
"964","Narthecium ossifragum","Narthecium ossifragum"
"965","Dioscorea communis","Dioscorea communis"
"966","Alisma gramineum","Alisma gramineum"
"967","Alisma lanceolatum","Alisma lanceolatum"
"968","Alisma plantago-aquatica","Alisma plantago-aquatica"
"969","Baldellia ranunculoides","Baldellia ranunculoides"
"970","Damasonium alisma","Damasonium alisma"
"971","Luronium natans","Luronium natans"
"972","Sagittaria sagittifolia","Sagittaria sagittifolia"
"973","Hydrocharis morsus-ranae","Hydrocharis morsus-ranae"
"974","Najas marina","Najas marina"
"975","Najas flexilis","Najas flexilis"
"976","Hydrilla verticillata","Hydrilla verticillata"
"977","Stratiotes aloides","Stratiotes aloides"
"978","Butomus umbellatus","Butomus umbellatus"
"979","Groenlandia densa","Groenlandia densa"
"980","Zannichellia palustris","Zannichellia palustris"
"981","Potamogeton acutifolius","Potamogeton acutifolius"
"982","Potamogeton trichoides","Potamogeton trichoides"
"983","Potamogeton compressus","Potamogeton compressus"
"984","Potamogeton obtusifolius","Potamogeton obtusifolius"
"985","Potamogeton friesii","Potamogeton friesii"
"986","Potamogeton pusillus","Potamogeton pusillus"
"987","Potamogeton rutilus","Potamogeton rutilus"
"988","Potamogeton epihydrus","Potamogeton epihydrus"
"989","Potamogeton berchtoldii","Potamogeton berchtoldii"
"990","Potamogeton gramineus","Potamogeton gramineus"
"991","Potamogeton natans","Potamogeton natans"
"992","Potamogeton praelongus","Potamogeton praelongus"
"993","Potamogeton crispus","Potamogeton crispus"
"994","Potamogeton perfoliatus","Potamogeton perfoliatus"
"995","Potamogeton nodosus","Potamogeton nodosus"
"996","Potamogeton alpinus","Potamogeton alpinus"
"997","Potamogeton lucens","Potamogeton lucens"
"998","Potamogeton coloratus","Potamogeton coloratus"
"999","Potamogeton polygonifolius","Potamogeton polygonifolius"
"1000","Stuckenia filiformis","Stuckenia filiformis"
"1001","Stuckenia pectinata","Stuckenia pectinata"
"1002","Zostera marina","Zostera marina"
"1003","Zostera noltii","Zostera noltii"
"1004","Ruppia maritima","Ruppia maritima"
"1005","Ruppia cirrhosa","Ruppia spiralis"
"1006","Triglochin palustris","Triglochin palustris"
"1007","Triglochin concinna","Triglochin maritima"
"1008","Scheuchzeria palustris","Scheuchzeria palustris"
"1009","Tofieldia pusilla","Tofieldia pusilla"
"1010","Arum italicum","Arum italicum"
"1011","Arum maculatum","Arum maculatum"
"1012","Lemna gibba","Lemna gibba"
"1013","Lemna minor","Lemna minor"
"1014","Lemna trisulca","Lemna trisulca"
"1015","Wolffia arrhiza","Wolffia arrhiza"
"1016","Spirodela polyrrhiza","Spirodela polyrrhiza"
"1017","Nuphar lutea","Nuphar lutea"
"1018","Nuphar pumila","Nuphar pumila"
"1019","Nymphaea alba","Nymphaea alba"
"1020","Juniperus communis","Juniperus communis"
"1021","Taxus baccata","Taxus baccata"
"1022","Pinus sylvestris","Pinus sylvestris"
"1023","Ceratophyllum demersum","Ceratophyllum demersum"
"1024","Ceratophyllum submersum","Ceratophyllum submersum"
"1025","Buxus sempervirens","Buxus sempervirens"
"1026","Chrysosplenium alternifolium","Chrysosplenium alternifolium"
"1027","Chrysosplenium oppositifolium","Chrysosplenium oppositifolium"
"1028","Saxifraga aizoides","Saxifraga aizoides"
"1029","Saxifraga oppositifolia","Saxifraga oppositifolia"
"1030","Saxifraga cespitosa","Saxifraga cespitosa"
"1031","Saxifraga granulata","Saxifraga granulata"
"1032","Saxifraga rosacea","Saxifraga rosacea"
"1033","Saxifraga hypnoides","Saxifraga hypnoides"
"1034","Saxifraga tridactylites","Saxifraga tridactylites"
"1035","Saxifraga cernua","Saxifraga cernua"
"1036","Saxifraga rivularis","Saxifraga rivularis"
"1037","Saxifraga hirculus","Saxifraga hirculus"
"1038","Saxifraga nivalis","Micranthes nivalis"
"1039","Saxifraga spathularis","Saxifraga spathularis"
"1040","Saxifraga stellaris","Micranthes stellaris"
"1041","Ribes alpinum","Ribes alpinum"
"1042","Ribes rubrum","Ribes rubrum"
"1043","Ribes spicatum","Ribes spicatum"
"1044","Crassula aquatica","Crassula aquatica"
"1045","Sedum acre","Sedum acre"
"1046","Sedum anglicum","Sedum anglicum"
"1047","Sedum villosum","Sedum villosum"
"1048","Sedum album","Sedum album"
"1049","Sedum forsterianum","Petrosedum forsterianum"
"1050","Sedum telephium","Hylotelephium telephium"
"1051","Sedum rosea","Rhodiola rosea"
"1052","Umbilicus rupestris","Umbilicus rupestris"
"1053","Myriophyllum alterniflorum","Myriophyllum alterniflorum"
"1054","Myriophyllum spicatum","Myriophyllum spicatum"
"1055","Myriophyllum verticillatum","Myriophyllum verticillatum"
"1056","Agrimonia eupatoria","Agrimonia eupatoria"
"1057","Agrimonia procera","Agrimonia procera"
"1058","Sanguisorba minor","Sanguisorba minor"
"1059","Sanguisorba officinalis","Sanguisorba officinalis"
"1060","Rosa agrestis","Rosa agrestis"
"1061","Rosa mollis","Rosa mollis"
"1062","Rosa sherardii","Rosa sherardii"
"1063","Rosa micrantha","Rosa micrantha"
"1064","Rosa tomentosa","Rosa tomentosa"
"1065","Rosa arvensis","Rosa arvensis"
"1066","Rosa obtusifolia","Rosa tomentella"
"1067","Rosa canina","Rosa canina"
"1068","Rosa caesia","Rosa caesia"
"1069","Rosa stylosa","Rosa stylosa"
"1070","Rosa xanthina","Rosa spinosissima"
"1071","Alchemilla acutiloba","Alchemilla acutiloba"
"1072","Alchemilla subcrenata","Alchemilla subcrenata"
"1073","Alchemilla glomerulans","Alchemilla glomerulans"
"1074","Alchemilla glaucescens","Alchemilla glaucescens"
"1075","Alchemilla filicaulis","Alchemilla filicaulis"
"1076","Alchemilla monticola","Alchemilla monticola"
"1077","Alchemilla wichurae","Alchemilla wichurae"
"1078","Alchemilla xanthochlora","Alchemilla xanthochlora"
"1079","Alchemilla glabra","Alchemilla glabra"
"1080","Alchemilla micans","Alchemilla micans"
"1081","Alchemilla alpina","Alchemilla alpina"
"1082","Alchemilla conjuncta","Alchemilla conjuncta"
"1083","Aphanes arvensis","Aphanes arvensis"
"1084","Aphanes australis","Aphanes australis"
"1085","Sibbaldia procumbens","Sibbaldia procumbens"
"1086","Fragaria vesca","Fragaria vesca"
"1087","Potentilla anglica","Potentilla anglica"
"1088","Potentilla reptans","Potentilla reptans"
"1089","Potentilla erecta","Potentilla erecta"
"1090","Potentilla argentea","Potentilla argentea"
"1091","Potentilla neumanniana","Potentilla neumanniana"
"1092","Potentilla crantzii","Potentilla crantzii"
"1093","Potentilla sterilis","Potentilla sterilis"
"1094","Potentilla anserina","Potentilla anserina"
"1095","Dasiphora fruticosa","Dasiphora fruticosa"
"1096","Drymocallis rupestris","Drymocallis rupestris"
"1097","Comarum palustre","Comarum palustre"
"1098","Geum rivale","Geum rivale"
"1099","Geum urbanum","Geum urbanum"
"1100","Rubus caesius","Rubus caesius"
"1101","Rubus idaeus","Rubus idaeus"
"1102","Rubus saxatilis","Rubus saxatilis"
"1103","Rubus chamaemorus","Rubus chamaemorus"
"1104","Filipendula ulmaria","Filipendula ulmaria"
"1105","Filipendula vulgaris","Filipendula vulgaris"
"1106","Cotoneaster cambricus","Cotoneaster cambricus"
"1107","Malus sylvestris","Malus sylvestris"
"1108","Crataegus laevigata","Crataegus laevigata"
"1109","Crataegus monogyna","Crataegus monogyna"
"1110","Mespilus germanica","Mespilus germanica"
"1111","Sorbus admonitor","Sorbus admonitor"
"1112","Sorbus devoniensis","Sorbus devoniensis"
"1113","Sorbus torminalis","Sorbus torminalis"
"1114","Sorbus bristoliensis","Sorbus bristoliensis"
"1115","Sorbus aria","Sorbus aria"
"1116","Sorbus eminentiformis","Sorbus eminentiformis"
"1117","Sorbus rupicola","Sorbus rupicola"
"1118","Sorbus hibernica","Sorbus hibernica"
"1119","Sorbus vexans","Sorbus vexans"
"1120","Sorbus leighensis","Sorbus leighensis"
"1121","Sorbus cheddarensis","Sorbus cheddarensis"
"1122","Sorbus margaretae","Sorbus margaretae"
"1123","Sorbus lancastriensis","Sorbus lancastriensis"
"1124","Sorbus wilmottiana","Sorbus wilmottiana"
"1125","Sorbus eminentoides","Sorbus eminentoides"
"1126","Sorbus eminens","Sorbus eminens"
"1127","Sorbus cambrensis","Sorbus cambrensis"
"1128","Sorbus anglica","Sorbus anglica"
"1129","Sorbus pseudomeinichii","Sorbus pseudomeinichii"
"1130","Sorbus cuneifolia","Sorbus cuneifolia"
"1131","Sorbus aucuparia","Sorbus aucuparia"
"1132","Sorbus arranensis","Sorbus arranensis"
"1133","Sorbus leyana","Sorbus leyana"
"1134","Sorbus minima","Sorbus minima"
"1135","Sorbus pseudofennica","Sorbus pseudofennica"
"1136","Sorbus domestica","Sorbus domestica"
"1137","Pyrus communis","Pyrus communis"
"1138","Pyrus cordata","Pyrus cordata"
"1139","Prunus avium","Prunus avium"
"1140","Prunus cerasus","Prunus cerasus"
"1141","Prunus domestica","Prunus domestica"
"1142","Prunus spinosa","Prunus spinosa"
"1143","Prunus padus","Prunus padus"
"1144","Dryas octopetala","Dryas octopetala"
"1145","Frangula alnus","Frangula alnus"
"1146","Rhamnus cathartica","Rhamnus cathartica"
"1147","Elaeagnus rhamnoides","Elaeagnus rhamnoides"
"1148","Humulus lupulus","Humulus lupulus"
"1149","Parietaria judaica","Parietaria judaica"
"1150","Urtica dioica","Urtica dioica"
"1151","Urtica urens","Urtica urens"
"1152","Ulmus glabra","Ulmus glabra"
"1153","Ulmus minor","Ulmus minor"
"1154","Ulmus minor","Ulmus plotii"
"1155","Ulmus minor","Ulmus procera"
"1156","Alnus glutinosa","Alnus glutinosa"
"1157","Betula nana","Betula nana"
"1158","Betula pendula","Betula pendula"
"1159","Betula pubescens","Betula pubescens"
"1160","Carpinus betulus","Carpinus betulus"
"1161","Corylus avellana","Corylus avellana"
"1162","Myrica gale","Myrica gale"
"1163","Castanea sativa","Castanea sativa"
"1164","Quercus petraea","Quercus petraea"
"1165","Quercus robur","Quercus robur"
"1166","Fagus sylvatica","Fagus sylvatica"
"1167","Bryonia cretica","Bryonia cretica"
"1168","Anthyllis vulneraria","Anthyllis vulneraria"
"1169","Ornithopus perpusillus","Ornithopus perpusillus"
"1170","Ornithopus pinnatus","Ornithopus pinnatus"
"1171","Lotus angustissimus","Lotus angustissimus"
"1172","Lotus corniculatus","Lotus corniculatus"
"1173","Lotus glaber","Lotus glaber"
"1174","Lotus pedunculatus","Lotus pedunculatus"
"1175","Lotus subbiflorus","Lotus subbiflorus"
"1176","Hippocrepis comosa","Hippocrepis comosa"
"1177","Astragalus alpinus","Astragalus alpinus"
"1178","Astragalus danicus","Astragalus danicus"
"1179","Astragalus glycyphyllos","Astragalus glycyphyllos"
"1180","Oxytropis campestris","Oxytropis campestris"
"1181","Oxytropis halleri","Oxytropis halleri"
"1182","Onobrychis viciifolia","Onobrychis viciifolia"
"1183","Lathyrus aphaca","Lathyrus aphaca"
"1184","Lathyrus pratensis","Lathyrus pratensis"
"1185","Lathyrus japonicus","Lathyrus japonicus"
"1186","Lathyrus palustris","Lathyrus palustris"
"1187","Lathyrus linifolius","Lathyrus linifolius"
"1188","Lathyrus nissolia","Lathyrus nissolia"
"1189","Lathyrus sylvestris","Lathyrus sylvestris"
"1190","Trifolium arvense","Trifolium arvense"
"1191","Trifolium scabrum","Trifolium scabrum"
"1192","Trifolium medium","Trifolium medium"
"1193","Trifolium striatum","Trifolium striatum"
"1194","Trifolium pratense","Trifolium pratense"
"1195","Trifolium subterraneum","Trifolium subterraneum"
"1196","Trifolium ochroleucon","Trifolium ochroleucon"
"1197","Trifolium squamosum","Trifolium squamosum"
"1198","Trifolium bocconei","Trifolium bocconei"
"1199","Trifolium fragiferum","Trifolium fragiferum"
"1200","Trifolium ornithopodioides","Trifolium ornithopodioides"
"1201","Trifolium glomeratum","Trifolium glomeratum"
"1202","Trifolium repens","Trifolium occidentale"
"1203","Trifolium suffocatum","Trifolium suffocatum"
"1204","Trifolium repens","Trifolium repens"
"1205","Trifolium strictum","Trifolium strictum"
"1206","Trifolium campestre","Trifolium campestre"
"1207","Trifolium dubium","Trifolium dubium"
"1208","Trifolium micranthum","Trifolium micranthum"
"1209","Medicago arabica","Medicago arabica"
"1210","Medicago polymorpha","Medicago polymorpha"
"1211","Medicago sativa","Medicago sativa"
"1212","Medicago lupulina","Medicago lupulina"
"1213","Medicago minima","Medicago minima"
"1214","Melilotus altissimus","Melilotus altissimus"
"1215","Ononis reclinata","Ononis reclinata"
"1216","Ononis spinosa","Ononis repens"
"1217","Ononis spinosa","Ononis spinosa"
"1218","Cytisus scoparius","Cytisus scoparius"
"1219","Genista anglica","Genista anglica"
"1220","Genista pilosa","Genista pilosa"
"1221","Genista tinctoria","Genista tinctoria"
"1222","Ulex europaeus","Ulex europaeus"
"1223","Ulex gallii","Ulex gallii"
"1224","Ulex minor","Ulex minor"
"1225","Vicia bithynica","Vicia bithynica"
"1226","Vicia lathyroides","Vicia lathyroides"
"1227","Vicia sativa","Vicia sativa"
"1228","Vicia sepium","Vicia sepium"
"1229","Vicia lutea","Vicia lutea"
"1230","Vicia orobus","Vicia orobus"
"1231","Vicia cracca","Vicia cracca"
"1232","Vicia parviflora","Ervum gracile"
"1233","Vicia tetrasperma","Ervum tetraspermum"
"1234","Vicia hirsuta","Ervilia hirsuta"
"1235","Vicia sylvatica","Ervilia sylvatica"
"1236","Polygala serpyllifolia","Polygala serpyllifolia"
"1237","Polygala vulgaris","Polygala vulgaris"
"1238","Polygala amarella","Polygala amarella"
"1239","Euonymus europaeus","Euonymus europaeus"
"1240","Parnassia palustris","Parnassia palustris"
"1241","Euphorbia amygdaloides","Euphorbia amygdaloides"
"1242","Euphorbia exigua","Euphorbia exigua"
"1243","Euphorbia paralias","Euphorbia paralias"
"1244","Euphorbia portlandica","Euphorbia portlandica"
"1245","Euphorbia peplus","Euphorbia peplus"
"1246","Euphorbia helioscopia","Euphorbia helioscopia"
"1247","Euphorbia hyberna","Euphorbia hyberna"
"1248","Euphorbia platyphyllos","Euphorbia platyphyllos"
"1249","Euphorbia stricta","Euphorbia stricta"
"1250","Euphorbia lathyris","Euphorbia lathyris"
"1251","Euphorbia peplus","Euphorbia peplis"
"1252","Mercurialis annua","Mercurialis annua"
"1253","Mercurialis perennis","Mercurialis perennis"
"1254","Hypericum androsaemum","Hypericum androsaemum"
"1255","Hypericum hirsutum","Hypericum hirsutum"
"1256","Hypericum pulchrum","Hypericum pulchrum"
"1257","Hypericum humifusum","Hypericum humifusum"
"1258","Hypericum maculatum","Hypericum maculatum"
"1259","Hypericum tetrapterum","Hypericum tetrapterum"
"1260","Hypericum undulatum","Hypericum undulatum"
"1261","Hypericum perforatum","Hypericum perforatum"
"1262","Hypericum montanum","Hypericum montanum"
"1263","Hypericum elodes","Hypericum elodes"
"1264","Linum bienne","Linum bienne"
"1265","Linum perenne","Linum perenne"
"1266","Linum catharticum","Linum catharticum"
"1267","Radiola linoides","Linum radiola"
"1268","Populus nigra","Populus nigra"
"1269","Populus tremula","Populus tremula"
"1270","Salix alba","Salix alba"
"1271","Salix pentandra","Salix pentandra"
"1272","Salix arbuscula","Salix arbuscula"
"1273","Salix aurita","Salix aurita"
"1274","Salix repens","Salix repens"
"1275","Salix myrsinifolia","Salix myrsinifolia"
"1276","Salix myrsinites","Salix myrsinites"
"1277","Salix lanata","Salix lanata"
"1278","Salix caprea","Salix caprea"
"1279","Salix viminalis","Salix viminalis"
"1280","Salix cinerea","Salix cinerea"
"1281","Salix herbacea","Salix herbacea"
"1282","Salix purpurea","Salix purpurea"
"1283","Salix triandra","Salix triandra"
"1284","Viola arvensis","Viola arvensis"
"1285","Viola kitaibeliana","Viola kitaibeliana"
"1286","Viola lutea","Viola lutea"
"1287","Viola tricolor","Viola tricolor"
"1288","Viola palustris","Viola palustris"
"1289","Viola canina","Viola canina"
"1290","Viola lactea","Viola lactea"
"1291","Viola persicifolia","Viola stagnina"
"1292","Viola reichenbachiana","Viola reichenbachiana"
"1293","Viola riviniana","Viola riviniana"
"1294","Viola rupestris","Viola rupestris"
"1295","Viola hirta","Viola hirta"
"1296","Viola odorata","Viola odorata"
"1297","Elatine hexandra","Elatine hexandra"
"1298","Elatine hydropiper","Elatine hydropiper"
"1299","Oxalis acetosella","Oxalis acetosella"
"1300","Epilobium angustifolium","Epilobium angustifolium"
"1301","Epilobium alsinifolium","Epilobium alsinifolium"
"1302","Epilobium anagallidifolium","Epilobium anagallidifolium"
"1303","Epilobium hirsutum","Epilobium hirsutum"
"1304","Epilobium lanceolatum","Epilobium lanceolatum"
"1305","Epilobium montanum","Epilobium montanum"
"1306","Epilobium roseum","Epilobium roseum"
"1307","Epilobium obscurum","Epilobium obscurum"
"1308","Epilobium parviflorum","Epilobium parviflorum"
"1309","Epilobium tetragonum","Epilobium tetragonum"
"1310","Epilobium palustre","Epilobium palustre"
"1311","Circaea alpina","Circaea alpina"
"1312","Circaea lutetiana","Circaea lutetiana"
"1313","Lythrum hyssopifolia","Lythrum hyssopifolia"
"1314","Lythrum salicaria","Lythrum salicaria"
"1315","Lythrum portula","Lythrum portula"
"1316","Erodium cicutarium","Erodium cicutarium"
"1317","Erodium lebelii","Erodium aethiopicum"
"1318","Erodium moschatum","Erodium moschatum"
"1319","Erodium maritimum","Erodium maritimum"
"1320","Geranium columbinum","Geranium columbinum"
"1321","Geranium pratense","Geranium pratense"
"1322","Geranium sanguineum","Geranium sanguineum"
"1323","Geranium sylvaticum","Geranium sylvaticum"
"1324","Geranium rotundifolium","Geranium rotundifolium"
"1325","Geranium dissectum","Geranium dissectum"
"1326","Geranium molle","Geranium molle"
"1327","Geranium pusillum","Geranium pusillum"
"1328","Geranium lucidum","Geranium lucidum"
"1329","Geranium purpureum","Geranium purpureum"
"1330","Geranium robertianum","Geranium robertianum"
"1331","Alliaria petiolata","Alliaria petiolata"
"1332","Thlaspi arvense","Thlaspi arvense"
"1333","Thlaspi caerulescens","Thlaspi caerulescens"
"1334","Thlaspi perfoliatum","Thlaspi perfoliatum"
"1335","Brassica nigra","Brassica nigra"
"1336","Brassica oleracea","Brassica oleracea"
"1337","Brassica rapa","Brassica rapa"
"1338","Sinapis alba","Sinapis alba"
"1339","Sinapis arvensis","Sinapis arvensis"
"1340","Coincya monensis","Coincya monensis"
"1341","Coincya wrightii","Coincya wrightii"
"1342","Crambe maritima","Crambe maritima"
"1343","Cakile maritima","Cakile maritima"
"1344","Diplotaxis tenuifolia","Diplotaxis tenuifolia"
"1345","Raphanus raphanistrum","Raphanus raphanistrum"
"1346","Isatis tinctoria","Isatis tinctoria"
"1347","Sisymbrium officinale","Sisymbrium officinale"
"1348","Subularia aquatica","Subularia aquatica"
"1349","Arabis alpina","Arabis alpina"
"1350","Arabis hirsuta","Arabis hirsuta"
"1351","Arabis scabra","Arabis scabra"
"1352","Arabidopsis lyrata","Arabidopsis lyrata"
"1353","Draba aizoides","Draba aizoides"
"1354","Draba incana","Draba incana"
"1355","Draba norvegica","Draba norvegica"
"1356","Draba muralis","Drabella muralis"
"1357","Erophila verna","Erophila glabrescens"
"1358","Erophila verna","Erophila verna"
"1359","Erophila verna","Erophila majuscula"
"1360","Arabidopsis thaliana","Arabidopsis thaliana"
"1361","Camelina sativa","Camelina sativa"
"1362","Capsella bursa-pastoris","Capsella bursa-pastoris"
"1363","Turritis glabra","Turritis glabra"
"1364","Erysimum cheiranthoides","Erysimum cheiranthoides"
"1365","Erysimum cheiri","Erysimum cheiri"
"1366","Descurainia sophia","Descurainia sophia"
"1367","Hornungia petraea","Hornungia petraea"
"1368","Lepidium campestre","Lepidium campestre"
"1369","Lepidium heterophyllum","Lepidium heterophyllum"
"1370","Lepidium coronopus","Lepidium coronopus"
"1371","Lepidium latifolium","Lepidium latifolium"
"1372","Lepidium ruderale","Lepidium ruderale"
"1373","Armoracia rusticana","Armoracia rusticana"
"1374","Barbarea vulgaris","Barbarea vulgaris"
"1375","Rorippa amphibia","Rorippa amphibia"
"1376","Rorippa sylvestris","Rorippa sylvestris"
"1377","Rorippa palustris","Rorippa palustris"
"1378","Rorippa islandica","Rorippa islandica"
"1379","Cardamine amara","Cardamine amara"
"1380","Cardamine flexuosa","Cardamine flexuosa"
"1381","Cardamine pratensis","Cardamine pratensis"
"1382","Cardamine hirsuta","Cardamine hirsuta"
"1383","Cardamine bulbifera","Cardamine bulbifera"
"1384","Cardamine impatiens","Cardamine impatiens"
"1385","Nasturtium microphyllum","Nasturtium microphyllum"
"1386","Nasturtium officinale","Nasturtium officinale"
"1387","Iberis amara","Iberis amara"
"1388","Matthiola sinuata","Matthiola sinuata"
"1389","Cochlearia anglica","Cochlearia anglica"
"1390","Cochlearia micacea","Cochlearia micacea"
"1391","Cochlearia pyrenaica","Cochlearia pyrenaica"
"1392","Cochlearia officinalis","Cochlearia officinalis"
"1393","Cochlearia danica","Cochlearia danica"
"1394","Teesdalia nudicaulis","Teesdalia nudicaulis"
"1395","Reseda lutea","Reseda lutea"
"1396","Reseda luteola","Reseda luteola"
"1397","Althaea officinalis","Althaea officinalis"
"1398","Malva arborea","Malva arborea"
"1399","Malva neglecta","Malva neglecta"
"1400","Malva sylvestris","Malva sylvestris"
"1401","Malva moschata","Malva moschata"
"1402","Tilia cordata","Tilia cordata"
"1403","Tilia platyphyllos","Tilia platyphyllos"
"1404","Helianthemum nummularium","Helianthemum nummularium"
"1405","Helianthemum oelandicum","Helianthemum oelandicum"
"1406","Tuberaria guttata","Tuberaria guttata"
"1407","Daphne laureola","Daphne laureola"
"1408","Daphne mezereum","Daphne mezereum"
